{
    "fields": {
        "Invoice Number": "# BLR_WFLD20150900840008", 
        "Invoice Date": " 23-09-2015", 
        "Total": " 11998.00"
    }, 
    "lineitems": [
        {
            "Title": "Moto E (2nd Gen) 3G"
        }, 
        {
            "Product": "Handsets\nFSN:\nMOBEXXXGTTDXXZUT\nWID: XXXXXXX", 
            "Title": "1. [IMEI/Serial No: XXXXXXXXXXXXXXX \n, XXXXXXXXXXXXXXX , XXXXXXXXXXXXXXX ,\nXXXXXXXXXXXXXXX ]", 
            "Tax ": "625.48", 
            "Price ": "11372.52", 
            "Qty": "2", 
            "Tax(%)": "5.50%\nVAT", 
            "Total ": "11998.00"
        }
    ], 
    "checkstatus": {
        "match_status": {
            "status": true
        }
    }
}
