{
  "resourceType": "Observation",
  "id": "TumorMutationBurdenExample01",
  "meta": {
    "profile": [
      "http://hl7.org/fhir/uv/genomics-reporting/StructureDefinition/tmb"
    ]
  },
  "text": {
    "status": "generated",
    "div": "<div xmlns=\"http://www.w3.org/1999/xhtml\"><p><b>Generated Narrative</b></p><div style=\"display: inline-block; background-color: #d9e0e7; padding: 6px; margin: 4px; border: 1px solid #8da1b4; border-radius: 5px; line-height: 60%\"><p style=\"margin-bottom: 0px\">Resource \"TumorMutationBurdenExample01\" </p><p style=\"margin-bottom: 0px\">Profile: <a href=\"StructureDefinition-tmb.html\">Tumor Mutation Burden</a></p></div><p><b>status</b>: final</p><p><b>category</b>: Laboratory <span style=\"background: LightGoldenRodYellow; margin: 4px; border: 1px solid khaki\"> (<a href=\"http://terminology.hl7.org/3.1.0/CodeSystem-observation-category.html\">Observation Category Codes</a>#laboratory)</span></p><p><b>code</b>: Mutations/Megabase [# Ratio] in Tumor <span style=\"background: LightGoldenRodYellow; margin: 4px; border: 1px solid khaki\"> (<a href=\"https://loinc.org/\">LOINC</a>#94076-7)</span></p><p><b>subject</b>: <a href=\"Patient-CGPatientExample01.html\">Patient/CGPatientExample01</a> \" EVERYMAN\"</p><p><b>value</b>: 250 1/1000000{Base}<span style=\"background: LightGoldenRodYellow\"> (Details: UCUM code 1/1000000{Base} = '1/1000000{Base}')</span></p></div>"
  },
  "status": "final",
  "category": [
    {
      "coding": [
        {
          "system": "http://terminology.hl7.org/CodeSystem/observation-category",
          "code": "laboratory"
        }
      ]
    }
  ],
  "code": {
    "coding": [
      {
        "system": "http://loinc.org",
        "code": "94076-7"
      }
    ]
  },
  "subject": {
    "reference": "Patient/CGPatientExample01"
  },
  "valueQuantity": {
    "value": 250,
    "system": "http://unitsofmeasure.org",
    "code": "1/1000000{Base}"
  }
}